title,link,updated,id
Professional Certificate/Diploma Design - Upwork,https://www.upwork.com/jobs/Professional-Certificate-Diploma-Design_%7E01a42edd95dcb282c5?source=rss,2023-05-18T01:03:35+00:00,https://www.upwork.com/jobs/Professional-Certificate-Diploma-Design_~01a42edd95dcb282c5?source=rss
Wordpress Elementor Ecom Store Build Out - Upwork,https://www.upwork.com/jobs/Wordpress-Elementor-Ecom-Store-Build-Out_%7E0108cbeeb796d12b39?source=rss,2023-05-18T00:56:38+00:00,https://www.upwork.com/jobs/Wordpress-Elementor-Ecom-Store-Build-Out_~0108cbeeb796d12b39?source=rss
Graphic Designer B2B Partnership. Custom Apparel - Upwork,https://www.upwork.com/jobs/Graphic-Designer-B2B-Partnership-Custom-Apparel_%7E016b61e0c5ce53348c?source=rss,2023-05-18T00:44:22+00:00,https://www.upwork.com/jobs/Graphic-Designer-B2B-Partnership-Custom-Apparel_~016b61e0c5ce53348c?source=rss
Change colour of object in photo - Upwork,https://www.upwork.com/jobs/Change-colour-object-photo_%7E014de398cd64d64fc6?source=rss,2023-05-18T00:42:30+00:00,https://www.upwork.com/jobs/Change-colour-object-photo_~014de398cd64d64fc6?source=rss
Branding Design  - Upwork,https://www.upwork.com/jobs/Branding-Design_%7E01bbcc6074db47fc46?source=rss,2023-05-18T00:41:26+00:00,https://www.upwork.com/jobs/Branding-Design_~01bbcc6074db47fc46?source=rss
Create an appealing AFL Graphic for Sir Doug Nicholls Round - Upwork,https://www.upwork.com/jobs/Create-appealing-AFL-Graphic-for-Sir-Doug-Nicholls-Round_%7E0171f85aafed11827e?source=rss,2023-05-18T00:37:07+00:00,https://www.upwork.com/jobs/Create-appealing-AFL-Graphic-for-Sir-Doug-Nicholls-Round_~0171f85aafed11827e?source=rss
Graphic Designer for beauty packaging updates - Upwork,https://www.upwork.com/jobs/Graphic-Designer-for-beauty-packaging-updates_%7E01848cc206b767b659?source=rss,2023-05-18T00:22:09+00:00,https://www.upwork.com/jobs/Graphic-Designer-for-beauty-packaging-updates_~01848cc206b767b659?source=rss
Social Ads - Motion Graphic Designer - Upwork,https://www.upwork.com/jobs/Social-Ads-Motion-Graphic-Designer_%7E017f2c51bc1706da9b?source=rss,2023-05-18T00:08:35+00:00,https://www.upwork.com/jobs/Social-Ads-Motion-Graphic-Designer_~017f2c51bc1706da9b?source=rss
De-pixelate a photo of a loved one who has passed away - Upwork,https://www.upwork.com/jobs/pixelate-photo-loved-one-who-has-passed-away_%7E01e586f48fec54c6e8?source=rss,2023-05-18T00:05:39+00:00,https://www.upwork.com/jobs/pixelate-photo-loved-one-who-has-passed-away_~01e586f48fec54c6e8?source=rss
T-Shirt Art Designer / Long Term $2 Per Design - Upwork,https://www.upwork.com/jobs/Shirt-Art-Designer-Long-Term-Per-Design_%7E01d5e02deb04fee243?source=rss,2023-05-18T00:01:31+00:00,https://www.upwork.com/jobs/Shirt-Art-Designer-Long-Term-Per-Design_~01d5e02deb04fee243?source=rss
Custom Craft Build an Animal Clipart Project - Upwork,https://www.upwork.com/jobs/Custom-Craft-Build-Animal-Clipart-Project_%7E01258ee678b81df9b0?source=rss,2023-05-17T23:47:00+00:00,https://www.upwork.com/jobs/Custom-Craft-Build-Animal-Clipart-Project_~01258ee678b81df9b0?source=rss
Expert Lightroom Photo Editor - Upwork,https://www.upwork.com/jobs/Expert-Lightroom-Photo-Editor_%7E0194ee339c50a063a1?source=rss,2023-05-17T23:27:48+00:00,https://www.upwork.com/jobs/Expert-Lightroom-Photo-Editor_~0194ee339c50a063a1?source=rss
Teacher - Graphic Design - Upwork,https://www.upwork.com/jobs/Teacher-Graphic-Design_%7E018c7d4ee46e0e635a?source=rss,2023-05-17T23:27:35+00:00,https://www.upwork.com/jobs/Teacher-Graphic-Design_~018c7d4ee46e0e635a?source=rss
Instagram Story Design &amp; Highlights - Upwork,https://www.upwork.com/jobs/Instagram-Story-Design-amp-Highlights_%7E019737d990701a8253?source=rss,2023-05-17T23:27:10+00:00,https://www.upwork.com/jobs/Instagram-Story-Design-amp-Highlights_~019737d990701a8253?source=rss
Looking For An Experienced YouTube Thumbnail Designer For A Personal Development Channel - Upwork,https://www.upwork.com/jobs/Looking-For-Experienced-YouTube-Thumbnail-Designer-For-Personal-Development-Channel_%7E01890c168605c8939b?source=rss,2023-05-17T23:17:56+00:00,https://www.upwork.com/jobs/Looking-For-Experienced-YouTube-Thumbnail-Designer-For-Personal-Development-Channel_~01890c168605c8939b?source=rss
Convert PDF File to Adobe Indesign Document - Upwork,https://www.upwork.com/jobs/Convert-PDF-File-Adobe-Indesign-Document_%7E01ebd9a59a82313249?source=rss,2023-05-17T23:15:32+00:00,https://www.upwork.com/jobs/Convert-PDF-File-Adobe-Indesign-Document_~01ebd9a59a82313249?source=rss
Social Media Manager &amp; Content Creator for E-commerce Wooden Plant Stand Business - Upwork,https://www.upwork.com/jobs/Social-Media-Manager-amp-Content-Creator-for-commerce-Wooden-Plant-Stand-Business_%7E01952171f4fa84aef2?source=rss,2023-05-17T23:12:53+00:00,https://www.upwork.com/jobs/Social-Media-Manager-amp-Content-Creator-for-commerce-Wooden-Plant-Stand-Business_~01952171f4fa84aef2?source=rss
Tshirt Designer / Merch by amazon - Upwork,https://www.upwork.com/jobs/Tshirt-Designer-Merch-amazon_%7E01549bd18812219915?source=rss,2023-05-17T23:11:41+00:00,https://www.upwork.com/jobs/Tshirt-Designer-Merch-amazon_~01549bd18812219915?source=rss
Creative Editorial Graphic Designer needed for Travel Photography Magazine - Upwork,https://www.upwork.com/jobs/Creative-Editorial-Graphic-Designer-needed-for-Travel-Photography-Magazine_%7E01e576ef2a48f0f980?source=rss,2023-05-17T23:05:35+00:00,https://www.upwork.com/jobs/Creative-Editorial-Graphic-Designer-needed-for-Travel-Photography-Magazine_~01e576ef2a48f0f980?source=rss
Create Christian &amp; streetstyle inspired gym clothing design - Upwork,https://www.upwork.com/jobs/Create-Christian-amp-streetstyle-inspired-gym-clothing-design_%7E0105c267fca05cf992?source=rss,2023-05-17T23:04:19+00:00,https://www.upwork.com/jobs/Create-Christian-amp-streetstyle-inspired-gym-clothing-design_~0105c267fca05cf992?source=rss
Graphic design html conversion - Upwork,https://www.upwork.com/jobs/Graphic-design-html-conversion_%7E0194829ee38b06bf1d?source=rss,2023-05-17T23:02:32+00:00,https://www.upwork.com/jobs/Graphic-design-html-conversion_~0194829ee38b06bf1d?source=rss
Create Digital Mockups for Ecommerce Apparel  - Upwork,https://www.upwork.com/jobs/Create-Digital-Mockups-for-Ecommerce-Apparel_%7E01e9bbe58843dcbc7f?source=rss,2023-05-17T22:46:35+00:00,https://www.upwork.com/jobs/Create-Digital-Mockups-for-Ecommerce-Apparel_~01e9bbe58843dcbc7f?source=rss
Quick photoshop edit - Upwork,https://www.upwork.com/jobs/Quick-photoshop-edit_%7E01a971c96a4ff8a444?source=rss,2023-05-17T22:26:38+00:00,https://www.upwork.com/jobs/Quick-photoshop-edit_~01a971c96a4ff8a444?source=rss
Muntaj fidyuhat - Upwork,https://www.upwork.com/jobs/Muntaj-fidyuhat_%7E01a3cd860be9b54569?source=rss,2023-05-17T22:17:05+00:00,https://www.upwork.com/jobs/Muntaj-fidyuhat_~01a3cd860be9b54569?source=rss
Change of Life-  Coloring Book for Adult Woman  - Upwork,https://www.upwork.com/jobs/Change-Life-Coloring-Book-for-Adult-Woman_%7E0192406e5b5c79335d?source=rss,2023-05-17T21:41:51+00:00,https://www.upwork.com/jobs/Change-Life-Coloring-Book-for-Adult-Woman_~0192406e5b5c79335d?source=rss
Need Ghost Mannequin for Swimwear - Upwork,https://www.upwork.com/jobs/Need-Ghost-Mannequin-for-Swimwear_%7E0132f524d709971a3c?source=rss,2023-05-17T21:35:14+00:00,https://www.upwork.com/jobs/Need-Ghost-Mannequin-for-Swimwear_~0132f524d709971a3c?source=rss
Graphic designer needed to design Prototype - Upwork,https://www.upwork.com/jobs/Graphic-designer-needed-design-Prototype_%7E01d500c040ff266903?source=rss,2023-05-17T21:21:38+00:00,https://www.upwork.com/jobs/Graphic-designer-needed-design-Prototype_~01d500c040ff266903?source=rss
Restaurant Industry Social Media Coordinator - Upwork,https://www.upwork.com/jobs/Restaurant-Industry-Social-Media-Coordinator_%7E01e2fa59e178d7329f?source=rss,2023-05-17T21:20:52+00:00,https://www.upwork.com/jobs/Restaurant-Industry-Social-Media-Coordinator_~01e2fa59e178d7329f?source=rss
Construction Completion Photography  - Upwork,https://www.upwork.com/jobs/Construction-Completion-Photography_%7E0102e76eb1451f53fa?source=rss,2023-05-17T21:02:59+00:00,https://www.upwork.com/jobs/Construction-Completion-Photography_~0102e76eb1451f53fa?source=rss
Chinese Photographer for Amazon Products - Upwork,https://www.upwork.com/jobs/Chinese-Photographer-for-Amazon-Products_%7E013a871885c211bd2c?source=rss,2023-05-17T21:00:10+00:00,https://www.upwork.com/jobs/Chinese-Photographer-for-Amazon-Products_~013a871885c211bd2c?source=rss
Quality Graphic Designer for ongoing contract  - Upwork,https://www.upwork.com/jobs/Quality-Graphic-Designer-for-ongoing-contract_%7E01b3b225e2352b2d0a?source=rss,2023-05-17T20:55:08+00:00,https://www.upwork.com/jobs/Quality-Graphic-Designer-for-ongoing-contract_~01b3b225e2352b2d0a?source=rss
Podcast cover art - Upwork,https://www.upwork.com/jobs/Podcast-cover-art_%7E0106f923b58321d712?source=rss,2023-05-17T20:53:19+00:00,https://www.upwork.com/jobs/Podcast-cover-art_~0106f923b58321d712?source=rss
Need video editor / motion designer on PST for tight turn project (due Friday) - Upwork,https://www.upwork.com/jobs/Need-video-editor-motion-designer-PST-for-tight-turn-project-due-Friday_%7E01a07533c6b52f1dd6?source=rss,2023-05-17T20:52:57+00:00,https://www.upwork.com/jobs/Need-video-editor-motion-designer-PST-for-tight-turn-project-due-Friday_~01a07533c6b52f1dd6?source=rss
Duplicate Flyers NEED DONE ASAP - Upwork,https://www.upwork.com/jobs/Duplicate-Flyers-NEED-DONE-ASAP_%7E0167ef54688ba76b88?source=rss,2023-05-17T20:51:10+00:00,https://www.upwork.com/jobs/Duplicate-Flyers-NEED-DONE-ASAP_~0167ef54688ba76b88?source=rss
Letterhead designer Required - Upwork,https://www.upwork.com/jobs/Letterhead-designer-Required_%7E0121a5741a30bdc71a?source=rss,2023-05-17T20:40:19+00:00,https://www.upwork.com/jobs/Letterhead-designer-Required_~0121a5741a30bdc71a?source=rss
Нужны 3д дизайнера интерьера в 3д макс - Upwork,https://www.upwork.com/jobs/%7E01c6a6fad5d68450d8?source=rss,2023-05-17T20:26:30+00:00,https://www.upwork.com/jobs/~01c6a6fad5d68450d8?source=rss
Graphic designer needed to design a traditional ceremony digital graphic - Upwork,https://www.upwork.com/jobs/Graphic-designer-needed-design-traditional-ceremony-digital-graphic_%7E017d39d6c1595e0f89?source=rss,2023-05-17T20:25:51+00:00,https://www.upwork.com/jobs/Graphic-designer-needed-design-traditional-ceremony-digital-graphic_~017d39d6c1595e0f89?source=rss
Quick Design Mockups For 7 Different Sports Websites - Upwork,https://www.upwork.com/jobs/Quick-Design-Mockups-For-Different-Sports-Websites_%7E01cd5e1bfae2150b7e?source=rss,2023-05-17T20:00:17+00:00,https://www.upwork.com/jobs/Quick-Design-Mockups-For-Different-Sports-Websites_~01cd5e1bfae2150b7e?source=rss
Create ninja Reese cup. Robot peanut and. Kiby adventure   and Mash movies and sky super movies - Upwork,https://www.upwork.com/jobs/Create-ninja-Reese-cup-Robot-peanut-and-Kiby-adventure-and-Mash-movies-and-sky-super-movies_%7E017f999775d0769a53?source=rss,2023-05-17T19:57:08+00:00,https://www.upwork.com/jobs/Create-ninja-Reese-cup-Robot-peanut-and-Kiby-adventure-and-Mash-movies-and-sky-super-movies_~017f999775d0769a53?source=rss
Graphic for guitar and bass neck profile - Upwork,https://www.upwork.com/jobs/Graphic-for-guitar-and-bass-neck-profile_%7E01abb5947ca0fba128?source=rss,2023-05-17T19:50:36+00:00,https://www.upwork.com/jobs/Graphic-for-guitar-and-bass-neck-profile_~01abb5947ca0fba128?source=rss
Graphic designer  - Upwork,https://www.upwork.com/jobs/Graphic-designer_%7E0188419c61c3ed6814?source=rss,2023-05-17T19:40:49+00:00,https://www.upwork.com/jobs/Graphic-designer_~0188419c61c3ed6814?source=rss
MEME designer - Upwork,https://www.upwork.com/jobs/MEME-designer_%7E0176baf278f9b2ba01?source=rss,2023-05-17T19:23:36+00:00,https://www.upwork.com/jobs/MEME-designer_~0176baf278f9b2ba01?source=rss
3d creative logo design - Upwork,https://www.upwork.com/jobs/creative-logo-design_%7E01244215d8faabc1c3?source=rss,2023-05-17T19:20:34+00:00,https://www.upwork.com/jobs/creative-logo-design_~01244215d8faabc1c3?source=rss
Need a talented Figma designer to help redesign our Marketing site - Upwork,https://www.upwork.com/jobs/Need-talented-Figma-designer-help-redesign-our-Marketing-site_%7E01d1452758586a77a4?source=rss,2023-05-17T19:19:20+00:00,https://www.upwork.com/jobs/Need-talented-Figma-designer-help-redesign-our-Marketing-site_~01d1452758586a77a4?source=rss
creative motion graphics designer to make Screen saver graphic for a museum exhibit on Robots - Upwork,https://www.upwork.com/jobs/creative-motion-graphics-designer-make-Screen-saver-graphic-for-museum-exhibit-Robots_%7E0110fb2b28f105b7ef?source=rss,2023-05-17T19:18:27+00:00,https://www.upwork.com/jobs/creative-motion-graphics-designer-make-Screen-saver-graphic-for-museum-exhibit-Robots_~0110fb2b28f105b7ef?source=rss
Need graphic designer with Amazon experience for a fast-growing ecommerce brand - Upwork,https://www.upwork.com/jobs/Need-graphic-designer-with-Amazon-experience-for-fast-growing-ecommerce-brand_%7E01fb25ada5a6935d3e?source=rss,2023-05-17T19:17:26+00:00,https://www.upwork.com/jobs/Need-graphic-designer-with-Amazon-experience-for-fast-growing-ecommerce-brand_~01fb25ada5a6935d3e?source=rss
Experienced Graphic Designer for Brand Guideline Creation - Upwork,https://www.upwork.com/jobs/Experienced-Graphic-Designer-for-Brand-Guideline-Creation_%7E016a1eaab979f09645?source=rss,2023-05-17T18:58:29+00:00,https://www.upwork.com/jobs/Experienced-Graphic-Designer-for-Brand-Guideline-Creation_~016a1eaab979f09645?source=rss
Graphic Designer - Upwork,https://www.upwork.com/jobs/Graphic-Designer_%7E016728bfb6f7b8eacd?source=rss,2023-05-17T18:55:28+00:00,https://www.upwork.com/jobs/Graphic-Designer_~016728bfb6f7b8eacd?source=rss
Need Experienced Graphic Designer for Website Banners - Upwork,https://www.upwork.com/jobs/Need-Experienced-Graphic-Designer-for-Website-Banners_%7E01401f2ddcf952883e?source=rss,2023-05-17T18:47:44+00:00,https://www.upwork.com/jobs/Need-Experienced-Graphic-Designer-for-Website-Banners_~01401f2ddcf952883e?source=rss
"Design work - banner ads, social media posts, email design - Upwork",https://www.upwork.com/jobs/Design-work-banner-ads-social-media-posts-email-design_%7E0199b81d409b10a063?source=rss,2023-05-17T18:27:09+00:00,https://www.upwork.com/jobs/Design-work-banner-ads-social-media-posts-email-design_~0199b81d409b10a063?source=rss
Manipulate images - forced perspective - Upwork,https://www.upwork.com/jobs/Manipulate-images-forced-perspective_%7E01c46ee94b536a029f?source=rss,2023-05-17T18:20:07+00:00,https://www.upwork.com/jobs/Manipulate-images-forced-perspective_~01c46ee94b536a029f?source=rss
Looking for Graphic Designer to update my portfolio on Squarespace - Upwork,https://www.upwork.com/jobs/Looking-for-Graphic-Designer-update-portfolio-Squarespace_%7E01fef70eaa051416b4?source=rss,2023-05-16T02:42:27+00:00,https://www.upwork.com/jobs/Looking-for-Graphic-Designer-update-portfolio-Squarespace_~01fef70eaa051416b4?source=rss
"Virtual staging, digitally furnish images of rooms in my home - Upwork",https://www.upwork.com/jobs/Virtual-staging-digitally-furnish-images-rooms-home_%7E01966ef0a702c48c94?source=rss,2023-05-17T18:17:19+00:00,https://www.upwork.com/jobs/Virtual-staging-digitally-furnish-images-rooms-home_~01966ef0a702c48c94?source=rss
Illustration Project - Recreate Pattern - Upwork,https://www.upwork.com/jobs/Illustration-Project-Recreate-Pattern_%7E016da07474143a0c48?source=rss,2023-05-17T18:05:36+00:00,https://www.upwork.com/jobs/Illustration-Project-Recreate-Pattern_~016da07474143a0c48?source=rss
Tradeshow Booth Graphic Design - Upwork,https://www.upwork.com/jobs/Tradeshow-Booth-Graphic-Design_%7E01c11f4b8e7eb84908?source=rss,2023-05-17T17:49:17+00:00,https://www.upwork.com/jobs/Tradeshow-Booth-Graphic-Design_~01c11f4b8e7eb84908?source=rss
Meta Ads Specialist - Upwork,https://www.upwork.com/jobs/Meta-Ads-Specialist_%7E019e0997545e4d0aec?source=rss,2023-05-17T17:41:29+00:00,https://www.upwork.com/jobs/Meta-Ads-Specialist_~019e0997545e4d0aec?source=rss
Sun burn removal Photoshop help - Upwork,https://www.upwork.com/jobs/Sun-burn-removal-Photoshop-help_%7E01e27942021c0a7f5f?source=rss,2023-05-17T17:40:46+00:00,https://www.upwork.com/jobs/Sun-burn-removal-Photoshop-help_~01e27942021c0a7f5f?source=rss
Adobe Photoshop Expert Needed for Exacting Touch-Up Work - Upwork,https://www.upwork.com/jobs/Adobe-Photoshop-Expert-Needed-for-Exacting-Touch-Work_%7E01c25e37800475b207?source=rss,2023-05-17T17:38:52+00:00,https://www.upwork.com/jobs/Adobe-Photoshop-Expert-Needed-for-Exacting-Touch-Work_~01c25e37800475b207?source=rss
Make background transparent on 2 videos that will be used for AR and compress to the smallest file. - Upwork,https://www.upwork.com/jobs/Make-background-transparent-videos-that-will-used-for-and-compress-the-smallest-file_%7E01c4ba8715b0f0672d?source=rss,2023-05-17T17:37:57+00:00,https://www.upwork.com/jobs/Make-background-transparent-videos-that-will-used-for-and-compress-the-smallest-file_~01c4ba8715b0f0672d?source=rss
Simple Logo - Upwork,https://www.upwork.com/jobs/Simple-Logo_%7E0188d7016e57ecdf2a?source=rss,2023-05-17T17:36:41+00:00,https://www.upwork.com/jobs/Simple-Logo_~0188d7016e57ecdf2a?source=rss
Simple photoshop script/automation - Upwork,https://www.upwork.com/jobs/Simple-photoshop-script-automation_%7E01eda0b3c86040654b?source=rss,2023-05-17T17:34:41+00:00,https://www.upwork.com/jobs/Simple-photoshop-script-automation_~01eda0b3c86040654b?source=rss
BeeHiiv Newsletter Design - Upwork,https://www.upwork.com/jobs/BeeHiiv-Newsletter-Design_%7E01feae36085f9cb731?source=rss,2023-05-17T17:32:58+00:00,https://www.upwork.com/jobs/BeeHiiv-Newsletter-Design_~01feae36085f9cb731?source=rss
Create an artistic and modern video for website homepage  - Upwork,https://www.upwork.com/jobs/Create-artistic-and-modern-video-for-website-homepage_%7E019f789a06ff8d0f05?source=rss,2023-05-17T17:26:18+00:00,https://www.upwork.com/jobs/Create-artistic-and-modern-video-for-website-homepage_~019f789a06ff8d0f05?source=rss
Fashion Content Design  - Upwork,https://www.upwork.com/jobs/Fashion-Content-Design_%7E010610e1899aa34737?source=rss,2023-05-17T17:16:42+00:00,https://www.upwork.com/jobs/Fashion-Content-Design_~010610e1899aa34737?source=rss
Tech Designer needed for womenswear brand - Upwork,https://www.upwork.com/jobs/Tech-Designer-needed-for-womenswear-brand_%7E01f9a155f6d76469a4?source=rss,2023-05-17T17:08:31+00:00,https://www.upwork.com/jobs/Tech-Designer-needed-for-womenswear-brand_~01f9a155f6d76469a4?source=rss
Design web page and also icons/after effects on the page - Upwork,https://www.upwork.com/jobs/Design-web-page-and-also-icons-after-effects-the-page_%7E0161c7c4a0b201b2aa?source=rss,2023-05-17T17:04:25+00:00,https://www.upwork.com/jobs/Design-web-page-and-also-icons-after-effects-the-page_~0161c7c4a0b201b2aa?source=rss
Design a protein unique shaker cup. Needs to be unique and not infringe on others.  - Upwork,https://www.upwork.com/jobs/Design-protein-unique-shaker-cup-Needs-unique-and-not-infringe-others_%7E019873d4f060a594d7?source=rss,2023-05-17T16:53:24+00:00,https://www.upwork.com/jobs/Design-protein-unique-shaker-cup-Needs-unique-and-not-infringe-others_~019873d4f060a594d7?source=rss
Graphic designer to create graphics for mobile app - Upwork,https://www.upwork.com/jobs/Graphic-designer-create-graphics-for-mobile-app_%7E0152b474122b74074b?source=rss,2023-05-17T16:47:41+00:00,https://www.upwork.com/jobs/Graphic-designer-create-graphics-for-mobile-app_~0152b474122b74074b?source=rss
Graphic Design:  Web Element/Email (hiring now for 2 hours) - Upwork,https://www.upwork.com/jobs/Graphic-Design-Web-Element-Email-hiring-now-for-hours_%7E01ac6725e2b54a4cbd?source=rss,2023-05-17T16:45:13+00:00,https://www.upwork.com/jobs/Graphic-Design-Web-Element-Email-hiring-now-for-hours_~01ac6725e2b54a4cbd?source=rss
Graphic designer to bring our postcard design to life - Upwork,https://www.upwork.com/jobs/Graphic-designer-bring-our-postcard-design-life_%7E01ae658f05e4a6f26f?source=rss,2023-05-17T16:19:34+00:00,https://www.upwork.com/jobs/Graphic-designer-bring-our-postcard-design-life_~01ae658f05e4a6f26f?source=rss
Graphic Designer / Illustrator Required for Project - Upwork,https://www.upwork.com/jobs/Graphic-Designer-Illustrator-Required-for-Project_%7E01603861cc77f1e61c?source=rss,2023-05-17T16:19:10+00:00,https://www.upwork.com/jobs/Graphic-Designer-Illustrator-Required-for-Project_~01603861cc77f1e61c?source=rss
Feature Film Lookbook/Deck - Upwork,https://www.upwork.com/jobs/Feature-Film-Lookbook-Deck_%7E01ca6bb455a057d84d?source=rss,2023-05-17T16:11:14+00:00,https://www.upwork.com/jobs/Feature-Film-Lookbook-Deck_~01ca6bb455a057d84d?source=rss
Graphic designer needed for agency - Upwork,https://www.upwork.com/jobs/Graphic-designer-needed-for-agency_%7E01012aba702e11f979?source=rss,2023-05-17T15:57:00+00:00,https://www.upwork.com/jobs/Graphic-designer-needed-for-agency_~01012aba702e11f979?source=rss
Graphic designer needed to incorporate branding into new product - Upwork,https://www.upwork.com/jobs/Graphic-designer-needed-incorporate-branding-into-new-product_%7E01f9651459c85f098e?source=rss,2023-05-17T15:53:14+00:00,https://www.upwork.com/jobs/Graphic-designer-needed-incorporate-branding-into-new-product_~01f9651459c85f098e?source=rss
YouTube Shorts Designer - Upwork,https://www.upwork.com/jobs/YouTube-Shorts-Designer_%7E01c7134eb5c87af76a?source=rss,2023-05-17T15:53:06+00:00,https://www.upwork.com/jobs/YouTube-Shorts-Designer_~01c7134eb5c87af76a?source=rss
Graphic designer for  - Upwork,https://www.upwork.com/jobs/Graphic-designer-for_%7E0166cdfe5a2d4e4895?source=rss,2023-05-17T15:40:38+00:00,https://www.upwork.com/jobs/Graphic-designer-for_~0166cdfe5a2d4e4895?source=rss
Change book design - Upwork,https://www.upwork.com/jobs/Change-book-design_%7E01f6b2a6702d6a7167?source=rss,2023-05-17T15:38:56+00:00,https://www.upwork.com/jobs/Change-book-design_~01f6b2a6702d6a7167?source=rss
Thumbnail Artist | Youtube Thumbnail Creator | Graphic Designer - Upwork,https://www.upwork.com/jobs/Thumbnail-Artist-Youtube-Thumbnail-Creator-Graphic-Designer_%7E01aefc7699a8f07662?source=rss,2023-05-17T15:35:03+00:00,https://www.upwork.com/jobs/Thumbnail-Artist-Youtube-Thumbnail-Creator-Graphic-Designer_~01aefc7699a8f07662?source=rss
JPG to Vector - Upwork,https://www.upwork.com/jobs/JPG-Vector_%7E01212596216cc45891?source=rss,2023-05-17T15:13:41+00:00,https://www.upwork.com/jobs/JPG-Vector_~01212596216cc45891?source=rss
Graphic Designer to Design Basic Stationery (Style Determined) - Upwork,https://www.upwork.com/jobs/Graphic-Designer-Design-Basic-Stationery-Style-Determined_%7E0142c96b1be605ea59?source=rss,2023-05-17T15:11:31+00:00,https://www.upwork.com/jobs/Graphic-Designer-Design-Basic-Stationery-Style-Determined_~0142c96b1be605ea59?source=rss
Looking to have a scanned pdf ad recreated in a digital format and updated - Upwork,https://www.upwork.com/jobs/Looking-have-scanned-pdf-recreated-digital-format-and-updated_%7E01c6dee31afaf2cf08?source=rss,2023-05-17T15:04:20+00:00,https://www.upwork.com/jobs/Looking-have-scanned-pdf-recreated-digital-format-and-updated_~01c6dee31afaf2cf08?source=rss
Graphic Designer - Upwork,https://www.upwork.com/jobs/Graphic-Designer_%7E0109f054818d246b77?source=rss,2023-05-17T15:03:33+00:00,https://www.upwork.com/jobs/Graphic-Designer_~0109f054818d246b77?source=rss
Seeking a Talented Graphic Designer for an eCommerce Brand - Upwork,https://www.upwork.com/jobs/Seeking-Talented-Graphic-Designer-for-eCommerce-Brand_%7E01e5faab3c29f0ada0?source=rss,2023-05-17T14:55:20+00:00,https://www.upwork.com/jobs/Seeking-Talented-Graphic-Designer-for-eCommerce-Brand_~01e5faab3c29f0ada0?source=rss
Video Content Creator/ Editor - Upwork,https://www.upwork.com/jobs/Video-Content-Creator-Editor_%7E0193f7e5afeaaf3d31?source=rss,2023-05-17T14:54:44+00:00,https://www.upwork.com/jobs/Video-Content-Creator-Editor_~0193f7e5afeaaf3d31?source=rss
Website Graphic and Call-to-Action Specialist for Hotel Savings Club - Upwork,https://www.upwork.com/jobs/Website-Graphic-and-Call-Action-Specialist-for-Hotel-Savings-Club_%7E01202d0d605ef37e2f?source=rss,2023-05-17T14:48:54+00:00,https://www.upwork.com/jobs/Website-Graphic-and-Call-Action-Specialist-for-Hotel-Savings-Club_~01202d0d605ef37e2f?source=rss
Television Advert concept needed - Upwork,https://www.upwork.com/jobs/Television-Advert-concept-needed_%7E01c4a4254031370134?source=rss,2023-05-17T14:29:04+00:00,https://www.upwork.com/jobs/Television-Advert-concept-needed_~01c4a4254031370134?source=rss
Digital Photos - Upwork,https://www.upwork.com/jobs/Digital-Photos_%7E01f6142bef0cbab495?source=rss,2023-05-17T14:15:31+00:00,https://www.upwork.com/jobs/Digital-Photos_~01f6142bef0cbab495?source=rss
Vinyl Record Design (2D Vector + 3D) for Negative Mold - Upwork,https://www.upwork.com/jobs/Vinyl-Record-Design-Vector-for-Negative-Mold_%7E01a476458a0323aec2?source=rss,2023-05-17T14:10:51+00:00,https://www.upwork.com/jobs/Vinyl-Record-Design-Vector-for-Negative-Mold_~01a476458a0323aec2?source=rss
Stitching view photography into panoramas - Upwork,https://www.upwork.com/jobs/Stitching-view-photography-into-panoramas_%7E01299d4c07f3a0e5cc?source=rss,2023-05-17T14:10:10+00:00,https://www.upwork.com/jobs/Stitching-view-photography-into-panoramas_~01299d4c07f3a0e5cc?source=rss
Virtual Assistant/ Video Editor/ Graphic Designer for an eCommerce Coach - Upwork,https://www.upwork.com/jobs/Virtual-Assistant-Video-Editor-Graphic-Designer-for-eCommerce-Coach_%7E01c2dc8dff80bcfcb7?source=rss,2023-05-17T13:55:23+00:00,https://www.upwork.com/jobs/Virtual-Assistant-Video-Editor-Graphic-Designer-for-eCommerce-Coach_~01c2dc8dff80bcfcb7?source=rss
Versatile Graphic Designer to Help Create Training Materials - Upwork,https://www.upwork.com/jobs/Versatile-Graphic-Designer-Help-Create-Training-Materials_%7E01f3d3b8959cc22568?source=rss,2023-05-10T16:25:04+00:00,https://www.upwork.com/jobs/Versatile-Graphic-Designer-Help-Create-Training-Materials_~01f3d3b8959cc22568?source=rss
"Graphic creation for Lightbox, Cricut - Cut out Art - Shadowboxes - Upwork",https://www.upwork.com/jobs/Graphic-creation-for-Lightbox-Cricut-Cut-out-Art-Shadowboxes_%7E01da67a2d3efa0fe3f?source=rss,2023-05-17T13:45:14+00:00,https://www.upwork.com/jobs/Graphic-creation-for-Lightbox-Cricut-Cut-out-Art-Shadowboxes_~01da67a2d3efa0fe3f?source=rss
Video editor/graphic designer needed to create animations for static playlist covers - Upwork,https://www.upwork.com/jobs/Video-editor-graphic-designer-needed-create-animations-for-static-playlist-covers_%7E0171f472d7695da80f?source=rss,2023-05-17T13:44:36+00:00,https://www.upwork.com/jobs/Video-editor-graphic-designer-needed-create-animations-for-static-playlist-covers_~0171f472d7695da80f?source=rss
Video editor/graphic designer needed to create animations for static playlist covers - Upwork,https://www.upwork.com/jobs/Video-editor-graphic-designer-needed-create-animations-for-static-playlist-covers_%7E01b7ac8e3bcccabcad?source=rss,2023-05-17T13:36:40+00:00,https://www.upwork.com/jobs/Video-editor-graphic-designer-needed-create-animations-for-static-playlist-covers_~01b7ac8e3bcccabcad?source=rss
Talented Web Designers wanted to create Landing Pages - Upwork,https://www.upwork.com/jobs/Talented-Web-Designers-wanted-create-Landing-Pages_%7E01f58440c63a4ff182?source=rss,2023-05-17T13:31:17+00:00,https://www.upwork.com/jobs/Talented-Web-Designers-wanted-create-Landing-Pages_~01f58440c63a4ff182?source=rss
Нужны 3д дизайнера интерьера в 3д макс - Upwork,https://www.upwork.com/jobs/%7E01e03cc210a7104d7a?source=rss,2023-05-17T13:20:33+00:00,https://www.upwork.com/jobs/~01e03cc210a7104d7a?source=rss
Product Catalogue designer for a hemp lifestyle brand - Upwork,https://www.upwork.com/jobs/Product-Catalogue-designer-for-hemp-lifestyle-brand_%7E01319a3c606e977d7b?source=rss,2023-05-17T13:18:09+00:00,https://www.upwork.com/jobs/Product-Catalogue-designer-for-hemp-lifestyle-brand_~01319a3c606e977d7b?source=rss
Motion designer and Webflow expert - Upwork,https://www.upwork.com/jobs/Motion-designer-and-Webflow-expert_%7E013085b008dfea40c3?source=rss,2023-05-17T13:12:19+00:00,https://www.upwork.com/jobs/Motion-designer-and-Webflow-expert_~013085b008dfea40c3?source=rss
Klaviyo Email Graphic Designer needed!  - Upwork,https://www.upwork.com/jobs/Klaviyo-Email-Graphic-Designer-needed_%7E018f3e8e3489e1c29f?source=rss,2023-05-17T13:08:50+00:00,https://www.upwork.com/jobs/Klaviyo-Email-Graphic-Designer-needed_~018f3e8e3489e1c29f?source=rss
Freelance Graphic Designer for Digital and Print - Upwork,https://www.upwork.com/jobs/Freelance-Graphic-Designer-for-Digital-and-Print_%7E015a611cf03493d1e2?source=rss,2023-05-17T13:07:04+00:00,https://www.upwork.com/jobs/Freelance-Graphic-Designer-for-Digital-and-Print_~015a611cf03493d1e2?source=rss
Graphic design - Upwork,https://www.upwork.com/jobs/Graphic-design_%7E01fd7f0afbc9620b48?source=rss,2023-05-17T12:33:51+00:00,https://www.upwork.com/jobs/Graphic-design_~01fd7f0afbc9620b48?source=rss
Topaz Gigapixel Sharpen AI - Photo Repair - Upwork,https://www.upwork.com/jobs/Topaz-Gigapixel-Sharpen-Photo-Repair_%7E01c8b760e052b12f66?source=rss,2023-05-17T12:01:29+00:00,https://www.upwork.com/jobs/Topaz-Gigapixel-Sharpen-Photo-Repair_~01c8b760e052b12f66?source=rss
Digital Artist Needed for Boho Nursery Prints - Upwork,https://www.upwork.com/jobs/Digital-Artist-Needed-for-Boho-Nursery-Prints_%7E011eb44278e201ba70?source=rss,2023-05-17T11:57:46+00:00,https://www.upwork.com/jobs/Digital-Artist-Needed-for-Boho-Nursery-Prints_~011eb44278e201ba70?source=rss
Looking to hire an experienced YouTube Thumbnail Designer for a golf highlight channel. - Upwork,https://www.upwork.com/jobs/Looking-hire-experienced-YouTube-Thumbnail-Designer-for-golf-highlight-channel_%7E013ae6634c6551d5a9?source=rss,2023-05-17T11:46:17+00:00,https://www.upwork.com/jobs/Looking-hire-experienced-YouTube-Thumbnail-Designer-for-golf-highlight-channel_~013ae6634c6551d5a9?source=rss
Looking for graphic designer for brand - Upwork,https://www.upwork.com/jobs/Looking-for-graphic-designer-for-brand_%7E01b730812ee3a6c594?source=rss,2023-05-17T11:33:36+00:00,https://www.upwork.com/jobs/Looking-for-graphic-designer-for-brand_~01b730812ee3a6c594?source=rss
Sock Design Specialist for Manufacturing  - Upwork,https://www.upwork.com/jobs/Sock-Design-Specialist-for-Manufacturing_%7E010e09edb13484d9a1?source=rss,2023-05-17T11:29:00+00:00,https://www.upwork.com/jobs/Sock-Design-Specialist-for-Manufacturing_~010e09edb13484d9a1?source=rss
Image for website - Upwork,https://www.upwork.com/jobs/Image-for-website_%7E0180d7ec1f0dc56c7e?source=rss,2023-05-17T11:04:06+00:00,https://www.upwork.com/jobs/Image-for-website_~0180d7ec1f0dc56c7e?source=rss
"Design and animation of playlist covers (Latin Music, Dark Academia, Hawaii) - Upwork",https://www.upwork.com/jobs/Design-and-animation-playlist-covers-Latin-Music-Dark-Academia-Hawaii_%7E01ce1bbdf26ed41a5d?source=rss,2023-05-17T10:17:49+00:00,https://www.upwork.com/jobs/Design-and-animation-playlist-covers-Latin-Music-Dark-Academia-Hawaii_~01ce1bbdf26ed41a5d?source=rss
Photorealistic 360 Full exterior/interior walkaround video U.K new build development - Upwork,https://www.upwork.com/jobs/Photorealistic-360-Full-exterior-interior-walkaround-video-new-build-development_%7E0197501540638ba9d3?source=rss,2023-05-17T10:14:31+00:00,https://www.upwork.com/jobs/Photorealistic-360-Full-exterior-interior-walkaround-video-new-build-development_~0197501540638ba9d3?source=rss
Product infographics listings voor bol.com - Upwork,https://www.upwork.com/jobs/Product-infographics-listings-voor-bol-com_%7E014d1fc5a12b267848?source=rss,2023-05-17T08:51:48+00:00,https://www.upwork.com/jobs/Product-infographics-listings-voor-bol-com_~014d1fc5a12b267848?source=rss
"Portfolio (Art, Writing) - from adobe portfolio  - Upwork",https://www.upwork.com/jobs/Portfolio-Art-Writing-from-adobe-portfolio_%7E01b6d42e7194b79946?source=rss,2023-05-17T08:18:06+00:00,https://www.upwork.com/jobs/Portfolio-Art-Writing-from-adobe-portfolio_~01b6d42e7194b79946?source=rss
Apple Podcast Art Work (for compliance) - Upwork,https://www.upwork.com/jobs/Apple-Podcast-Art-Work-for-compliance_%7E0114df72cf56136da3?source=rss,2023-05-17T08:15:22+00:00,https://www.upwork.com/jobs/Apple-Podcast-Art-Work-for-compliance_~0114df72cf56136da3?source=rss
Create Board Game  - Upwork,https://www.upwork.com/jobs/Create-Board-Game_%7E01c6c2957344832cfb?source=rss,2023-05-17T08:09:50+00:00,https://www.upwork.com/jobs/Create-Board-Game_~01c6c2957344832cfb?source=rss
t-shirt &amp; Coaster design - Upwork,https://www.upwork.com/jobs/shirt-amp-Coaster-design_%7E0196e601c660bef61d?source=rss,2023-05-17T08:00:53+00:00,https://www.upwork.com/jobs/shirt-amp-Coaster-design_~0196e601c660bef61d?source=rss
Photo manipulation - Upwork,https://www.upwork.com/jobs/Photo-manipulation_%7E01d1328d9f10f54b68?source=rss,2023-05-17T07:50:31+00:00,https://www.upwork.com/jobs/Photo-manipulation_~01d1328d9f10f54b68?source=rss
Graphic Designer A Player  - Upwork,https://www.upwork.com/jobs/Graphic-Designer-Player_%7E01af7f19b040103fab?source=rss,2023-05-17T07:19:24+00:00,https://www.upwork.com/jobs/Graphic-Designer-Player_~01af7f19b040103fab?source=rss
Mood Board Design - Upwork,https://www.upwork.com/jobs/Mood-Board-Design_%7E01be2fcc475f0e1c78?source=rss,2023-05-17T07:14:17+00:00,https://www.upwork.com/jobs/Mood-Board-Design_~01be2fcc475f0e1c78?source=rss
Graphic designer and print on demand expert for new store - Upwork,https://www.upwork.com/jobs/Graphic-designer-and-print-demand-expert-for-new-store_%7E0193f0cbbd7f965484?source=rss,2023-05-17T07:12:29+00:00,https://www.upwork.com/jobs/Graphic-designer-and-print-demand-expert-for-new-store_~0193f0cbbd7f965484?source=rss
Graphic Designer A Player - Upwork,https://www.upwork.com/jobs/Graphic-Designer-Player_%7E01ec1fb50260f3d3e2?source=rss,2023-05-17T07:10:22+00:00,https://www.upwork.com/jobs/Graphic-Designer-Player_~01ec1fb50260f3d3e2?source=rss
3D Venue Designer &amp; Illustrator (SVG Format) - Upwork,https://www.upwork.com/jobs/Venue-Designer-amp-Illustrator-SVG-Format_%7E014cdee76fcbb4a69c?source=rss,2023-05-17T06:50:04+00:00,https://www.upwork.com/jobs/Venue-Designer-amp-Illustrator-SVG-Format_~014cdee76fcbb4a69c?source=rss
Graphic artist required for tables and process diagrams - Upwork,https://www.upwork.com/jobs/Graphic-artist-required-for-tables-and-process-diagrams_%7E013ca08c2df6575392?source=rss,2023-05-17T05:24:16+00:00,https://www.upwork.com/jobs/Graphic-artist-required-for-tables-and-process-diagrams_~013ca08c2df6575392?source=rss
Website Design Mockup - Upwork,https://www.upwork.com/jobs/Website-Design-Mockup_%7E01945534eef4930a96?source=rss,2023-05-17T05:17:06+00:00,https://www.upwork.com/jobs/Website-Design-Mockup_~01945534eef4930a96?source=rss
Web designer for Amazon store and A+ content - Upwork,https://www.upwork.com/jobs/Web-designer-for-Amazon-store-and-content_%7E01ba4698b362684150?source=rss,2023-05-17T05:14:32+00:00,https://www.upwork.com/jobs/Web-designer-for-Amazon-store-and-content_~01ba4698b362684150?source=rss
Full-Time Wix Website Designer (UI/UX) with Sales Skills Needed for Digital Agency - Upwork,https://www.upwork.com/jobs/Full-Time-Wix-Website-Designer-with-Sales-Skills-Needed-for-Digital-Agency_%7E011c70afcbc24eae15?source=rss,2023-05-17T05:13:59+00:00,https://www.upwork.com/jobs/Full-Time-Wix-Website-Designer-with-Sales-Skills-Needed-for-Digital-Agency_~011c70afcbc24eae15?source=rss
100 t-shirts mockups from placeit.net - Upwork,https://www.upwork.com/jobs/100-shirts-mockups-from-placeit-net_%7E012ca2ffeae5f78885?source=rss,2023-05-17T04:46:33+00:00,https://www.upwork.com/jobs/100-shirts-mockups-from-placeit-net_~012ca2ffeae5f78885?source=rss
.SVG for cnc plasma cut sign - Upwork,https://www.upwork.com/jobs/SVG-for-cnc-plasma-cut-sign_%7E01fa3d8a966a3b932f?source=rss,2023-05-17T04:41:22+00:00,https://www.upwork.com/jobs/SVG-for-cnc-plasma-cut-sign_~01fa3d8a966a3b932f?source=rss
Create design for influencer boxes - Upwork,https://www.upwork.com/jobs/Create-design-for-influencer-boxes_%7E01746401fa7d8884bb?source=rss,2023-05-17T04:09:43+00:00,https://www.upwork.com/jobs/Create-design-for-influencer-boxes_~01746401fa7d8884bb?source=rss
Creat an INFOGRAPHIC - Upwork,https://www.upwork.com/jobs/Creat-INFOGRAPHIC_%7E01be961ab9ea568ff6?source=rss,2023-05-17T03:21:36+00:00,https://www.upwork.com/jobs/Creat-INFOGRAPHIC_~01be961ab9ea568ff6?source=rss
Christian designs for print on demand business  - Upwork,https://www.upwork.com/jobs/Christian-designs-for-print-demand-business_%7E01ec38d228b1e144f6?source=rss,2023-05-17T03:16:00+00:00,https://www.upwork.com/jobs/Christian-designs-for-print-demand-business_~01ec38d228b1e144f6?source=rss
Children’s illustrator skilled in water color and ink  - Upwork,https://www.upwork.com/jobs/Children-illustrator-skilled-water-color-and-ink_%7E01897a39d019b41100?source=rss,2023-05-17T02:52:11+00:00,https://www.upwork.com/jobs/Children-illustrator-skilled-water-color-and-ink_~01897a39d019b41100?source=rss
SUPERB Video Editor NEEDED For YouTube Listing Videos! - Upwork,https://www.upwork.com/jobs/SUPERB-Video-Editor-NEEDED-For-YouTube-Listing-Videos_%7E01d2307101a3ee2b40?source=rss,2023-05-17T02:38:10+00:00,https://www.upwork.com/jobs/SUPERB-Video-Editor-NEEDED-For-YouTube-Listing-Videos_~01d2307101a3ee2b40?source=rss
Simple Graphic/Logo Design - Upwork,https://www.upwork.com/jobs/Simple-Graphic-Logo-Design_%7E0178aeb6fed3366273?source=rss,2023-05-17T02:22:00+00:00,https://www.upwork.com/jobs/Simple-Graphic-Logo-Design_~0178aeb6fed3366273?source=rss
Need a quick image announcing a new Web 3 blockchain - Upwork,https://www.upwork.com/jobs/Need-quick-image-announcing-new-Web-blockchain_%7E013eae556a9943095f?source=rss,2023-05-17T01:58:30+00:00,https://www.upwork.com/jobs/Need-quick-image-announcing-new-Web-blockchain_~013eae556a9943095f?source=rss
Required a Experience Designer to design for my Billboard Adv - Upwork,https://www.upwork.com/jobs/Required-Experience-Designer-design-for-Billboard-Adv_%7E0184af1ef0d5a12033?source=rss,2023-05-17T01:49:31+00:00,https://www.upwork.com/jobs/Required-Experience-Designer-design-for-Billboard-Adv_~0184af1ef0d5a12033?source=rss
Graphic designer - Upwork,https://www.upwork.com/jobs/Graphic-designer_%7E0125905a1e83f6e514?source=rss,2023-05-17T01:33:26+00:00,https://www.upwork.com/jobs/Graphic-designer_~0125905a1e83f6e514?source=rss
Vtuber - Upwork,https://www.upwork.com/jobs/Vtuber_%7E010037c0561b99cc58?source=rss,2023-05-17T01:34:06+00:00,https://www.upwork.com/jobs/Vtuber_~010037c0561b99cc58?source=rss
Photorealistic designs for Drinks brand - Upwork,https://www.upwork.com/jobs/Photorealistic-designs-for-Drinks-brand_%7E014ca6be36bdb4e843?source=rss,2023-05-17T01:13:17+00:00,https://www.upwork.com/jobs/Photorealistic-designs-for-Drinks-brand_~014ca6be36bdb4e843?source=rss
Educational Illustration  Based On Reference Images - Upwork,https://www.upwork.com/jobs/Educational-Illustration-Based-Reference-Images_%7E010d6eb08fb4052dee?source=rss,2023-05-17T01:07:00+00:00,https://www.upwork.com/jobs/Educational-Illustration-Based-Reference-Images_~010d6eb08fb4052dee?source=rss
Art Director / Graphic Designer - Upwork,https://www.upwork.com/jobs/Art-Director-Graphic-Designer_%7E014b75af6ef26fbf97?source=rss,2023-05-17T01:04:30+00:00,https://www.upwork.com/jobs/Art-Director-Graphic-Designer_~014b75af6ef26fbf97?source=rss
Graphic design  - Upwork,https://www.upwork.com/jobs/Graphic-design_%7E0170cd077ad5833aaa?source=rss,2023-05-17T01:03:11+00:00,https://www.upwork.com/jobs/Graphic-design_~0170cd077ad5833aaa?source=rss
Frontend Design - Upwork,https://www.upwork.com/jobs/Frontend-Design_%7E0193990f65e135fb79?source=rss,2023-05-17T00:56:02+00:00,https://www.upwork.com/jobs/Frontend-Design_~0193990f65e135fb79?source=rss
Experienced Graphic Designer Required - Upwork,https://www.upwork.com/jobs/Experienced-Graphic-Designer-Required_%7E011928802e26cbd6bc?source=rss,2023-05-17T00:26:58+00:00,https://www.upwork.com/jobs/Experienced-Graphic-Designer-Required_~011928802e26cbd6bc?source=rss
Bi-Lingual Promotional Poster - Upwork,https://www.upwork.com/jobs/Lingual-Promotional-Poster_%7E0191fe466ffd57ca40?source=rss,2023-05-17T00:15:52+00:00,https://www.upwork.com/jobs/Lingual-Promotional-Poster_~0191fe466ffd57ca40?source=rss
Do you shop on amazon? ill pay you $8 per 30 second video you create from your amazon purchases. - Upwork,https://www.upwork.com/jobs/you-shop-amazon-ill-pay-you-per-second-video-you-create-from-your-amazon-purchases_%7E019e76c12843b6fd9d?source=rss,2023-05-17T00:01:55+00:00,https://www.upwork.com/jobs/you-shop-amazon-ill-pay-you-per-second-video-you-create-from-your-amazon-purchases_~019e76c12843b6fd9d?source=rss
Looking for someone to design cartoony product packaging like reference photos  - Upwork,https://www.upwork.com/jobs/Looking-for-someone-design-cartoony-product-packaging-like-reference-photos_%7E01cc88833bbd658fc0?source=rss,2023-05-16T23:57:44+00:00,https://www.upwork.com/jobs/Looking-for-someone-design-cartoony-product-packaging-like-reference-photos_~01cc88833bbd658fc0?source=rss
AI Art Generator for Small Business - Upwork,https://www.upwork.com/jobs/Art-Generator-for-Small-Business_%7E0160e8d7ca14f1249e?source=rss,2023-05-16T23:52:24+00:00,https://www.upwork.com/jobs/Art-Generator-for-Small-Business_~0160e8d7ca14f1249e?source=rss
Ad Photography/Videography for Jamaican E-commerce Meal Service - Upwork,https://www.upwork.com/jobs/Photography-Videography-for-Jamaican-commerce-Meal-Service_%7E010050761a0d85ad85?source=rss,2023-05-16T23:39:19+00:00,https://www.upwork.com/jobs/Photography-Videography-for-Jamaican-commerce-Meal-Service_~010050761a0d85ad85?source=rss
Pairs Headshot Photographer for Executive Shoot - Upwork,https://www.upwork.com/jobs/Pairs-Headshot-Photographer-for-Executive-Shoot_%7E01e1ae2b79adf3a443?source=rss,2023-05-16T23:21:02+00:00,https://www.upwork.com/jobs/Pairs-Headshot-Photographer-for-Executive-Shoot_~01e1ae2b79adf3a443?source=rss
"Designer Needed for Brand Refresh, Art File Updates, and Web Design - Upwork",https://www.upwork.com/jobs/Designer-Needed-for-Brand-Refresh-Art-File-Updates-and-Web-Design_%7E019fad99f74f539880?source=rss,2023-05-16T23:15:48+00:00,https://www.upwork.com/jobs/Designer-Needed-for-Brand-Refresh-Art-File-Updates-and-Web-Design_~019fad99f74f539880?source=rss
Video Editors for a Digital Marketing Agency - Upwork,https://www.upwork.com/jobs/Video-Editors-for-Digital-Marketing-Agency_%7E01483c2ad5b46954aa?source=rss,2023-05-16T23:12:17+00:00,https://www.upwork.com/jobs/Video-Editors-for-Digital-Marketing-Agency_~01483c2ad5b46954aa?source=rss
Visual Specialist: Short-Form Content Editor - Upwork,https://www.upwork.com/jobs/Visual-Specialist-Short-Form-Content-Editor_%7E0198e6587fe10ef007?source=rss,2023-05-16T23:02:47+00:00,https://www.upwork.com/jobs/Visual-Specialist-Short-Form-Content-Editor_~0198e6587fe10ef007?source=rss
Social Media Manager (Black-owned brands) - Upwork,https://www.upwork.com/jobs/Social-Media-Manager-Black-owned-brands_%7E0190294a50b40e38e8?source=rss,2023-05-16T22:59:25+00:00,https://www.upwork.com/jobs/Social-Media-Manager-Black-owned-brands_~0190294a50b40e38e8?source=rss
Photoshop Genius - Extraordinaire.  - Upwork,https://www.upwork.com/jobs/Photoshop-Genius-Extraordinaire_%7E016b238c4b4c393a6b?source=rss,2023-05-16T22:33:23+00:00,https://www.upwork.com/jobs/Photoshop-Genius-Extraordinaire_~016b238c4b4c393a6b?source=rss
Expert Creatopy Banner Designer  - Upwork,https://www.upwork.com/jobs/Expert-Creatopy-Banner-Designer_%7E0176df04436819b6a7?source=rss,2023-05-16T22:26:36+00:00,https://www.upwork.com/jobs/Expert-Creatopy-Banner-Designer_~0176df04436819b6a7?source=rss
Video Editor to produce in various styles for multiple industries  - Upwork,https://www.upwork.com/jobs/Video-Editor-produce-various-styles-for-multiple-industries_%7E01af58227c3cafc136?source=rss,2023-05-16T22:07:16+00:00,https://www.upwork.com/jobs/Video-Editor-produce-various-styles-for-multiple-industries_~01af58227c3cafc136?source=rss
"Amazon Graphic Designer - A+ Content, Brand Storefront Needed ASAP  - Upwork",https://www.upwork.com/jobs/Amazon-Graphic-Designer-Content-Brand-Storefront-Needed-ASAP_%7E01d302217ea878fb91?source=rss,2023-05-16T21:25:15+00:00,https://www.upwork.com/jobs/Amazon-Graphic-Designer-Content-Brand-Storefront-Needed-ASAP_~01d302217ea878fb91?source=rss
Food Creator &amp; Photographer - Upwork,https://www.upwork.com/jobs/Food-Creator-amp-Photographer_%7E0114e149c29abd69b7?source=rss,2023-05-16T21:18:52+00:00,https://www.upwork.com/jobs/Food-Creator-amp-Photographer_~0114e149c29abd69b7?source=rss
Thumbnail Designer For YouTube Channel - Upwork,https://www.upwork.com/jobs/Thumbnail-Designer-For-YouTube-Channel_%7E01f0b069bb66d51a65?source=rss,2023-05-16T21:18:08+00:00,https://www.upwork.com/jobs/Thumbnail-Designer-For-YouTube-Channel_~01f0b069bb66d51a65?source=rss
Thumbnail Designer For YouTube Channel - Upwork,https://www.upwork.com/jobs/Thumbnail-Designer-For-YouTube-Channel_%7E0189d19c9d40831158?source=rss,2023-05-16T21:16:12+00:00,https://www.upwork.com/jobs/Thumbnail-Designer-For-YouTube-Channel_~0189d19c9d40831158?source=rss
Editor/a  - Diseñador/a gráfico para crear un video formativo. - Upwork,https://www.upwork.com/jobs/Editor-Dise-ador-fico-para-crear-video-formativo_%7E01731c7f14e73ca071?source=rss,2023-05-16T21:11:17+00:00,https://www.upwork.com/jobs/Editor-Dise-ador-fico-para-crear-video-formativo_~01731c7f14e73ca071?source=rss
Talent Manager - Upwork,https://www.upwork.com/jobs/Talent-Manager_%7E01bfc3b4d60ce1d1dd?source=rss,2023-05-16T21:07:52+00:00,https://www.upwork.com/jobs/Talent-Manager_~01bfc3b4d60ce1d1dd?source=rss
Seeking a designer to complete 4 small misc design projects in the next week.  - Upwork,https://www.upwork.com/jobs/Seeking-designer-complete-small-misc-design-projects-the-next-week_%7E01d59e5678c347bd33?source=rss,2023-05-16T20:46:53+00:00,https://www.upwork.com/jobs/Seeking-designer-complete-small-misc-design-projects-the-next-week_~01d59e5678c347bd33?source=rss
Looking for TikTok/FB ads video editor - Upwork,https://www.upwork.com/jobs/Looking-for-TikTok-ads-video-editor_%7E0129636a2d8f34d373?source=rss,2023-05-16T20:45:36+00:00,https://www.upwork.com/jobs/Looking-for-TikTok-ads-video-editor_~0129636a2d8f34d373?source=rss
Artwork required for exhibition stand - Upwork,https://www.upwork.com/jobs/Artwork-required-for-exhibition-stand_%7E012b19d31b8a8d3088?source=rss,2023-05-16T20:36:01+00:00,https://www.upwork.com/jobs/Artwork-required-for-exhibition-stand_~012b19d31b8a8d3088?source=rss
Designer needed to create a Street Fighter inspired digital art.  - Upwork,https://www.upwork.com/jobs/Designer-needed-create-Street-Fighter-inspired-digital-art_%7E014ef5d580f96b259a?source=rss,2023-05-16T20:11:11+00:00,https://www.upwork.com/jobs/Designer-needed-create-Street-Fighter-inspired-digital-art_~014ef5d580f96b259a?source=rss
Graphic Designer  - Upwork,https://www.upwork.com/jobs/Graphic-Designer_%7E01f50cec07cd2619a3?source=rss,2023-05-16T19:31:06+00:00,https://www.upwork.com/jobs/Graphic-Designer_~01f50cec07cd2619a3?source=rss
I need to animate 2D Emojis with 2D Spine Pro - Upwork,https://www.upwork.com/jobs/need-animate-Emojis-with-Spine-Pro_%7E017ad50335b91a934b?source=rss,2023-05-16T19:16:46+00:00,https://www.upwork.com/jobs/need-animate-Emojis-with-Spine-Pro_~017ad50335b91a934b?source=rss
I need Montization channel. - Upwork,https://www.upwork.com/jobs/need-Montization-channel_%7E016855a0799275023e?source=rss,2023-05-16T19:16:26+00:00,https://www.upwork.com/jobs/need-Montization-channel_~016855a0799275023e?source=rss
Pdf portofolio - Upwork,https://www.upwork.com/jobs/Pdf-portofolio_%7E01b17d28bca43a57f9?source=rss,2023-05-16T19:05:22+00:00,https://www.upwork.com/jobs/Pdf-portofolio_~01b17d28bca43a57f9?source=rss
3D Specialist needed to render virtual influencer photos for Instagram - Upwork,https://www.upwork.com/jobs/Specialist-needed-render-virtual-influencer-photos-for-Instagram_%7E0110041f4aac654847?source=rss,2023-05-16T18:53:44+00:00,https://www.upwork.com/jobs/Specialist-needed-render-virtual-influencer-photos-for-Instagram_~0110041f4aac654847?source=rss
Exterior Commercial Art Installations  - Upwork,https://www.upwork.com/jobs/Exterior-Commercial-Art-Installations_%7E019932d9c2eb82a9ec?source=rss,2023-05-16T18:29:45+00:00,https://www.upwork.com/jobs/Exterior-Commercial-Art-Installations_~019932d9c2eb82a9ec?source=rss
Bidder for graphic agency - Upwork,https://www.upwork.com/jobs/Bidder-for-graphic-agency_%7E01560ddbf19f5a0b5e?source=rss,2023-05-16T18:17:46+00:00,https://www.upwork.com/jobs/Bidder-for-graphic-agency_~01560ddbf19f5a0b5e?source=rss
MLB Draft Graphics  - Upwork,https://www.upwork.com/jobs/MLB-Draft-Graphics_%7E01ad9ebc43bbbbafe7?source=rss,2023-05-16T18:17:19+00:00,https://www.upwork.com/jobs/MLB-Draft-Graphics_~01ad9ebc43bbbbafe7?source=rss
TV Advertisement Banners - Upwork,https://www.upwork.com/jobs/Advertisement-Banners_%7E0189a53bd345be7b98?source=rss,2023-05-16T18:17:17+00:00,https://www.upwork.com/jobs/Advertisement-Banners_~0189a53bd345be7b98?source=rss
Listing Design - Upwork,https://www.upwork.com/jobs/Listing-Design_%7E01ff75e1740ef474a0?source=rss,2023-05-16T18:12:46+00:00,https://www.upwork.com/jobs/Listing-Design_~01ff75e1740ef474a0?source=rss
Illustration of birds breaking free from barbed wire. - Upwork,https://www.upwork.com/jobs/Illustration-birds-breaking-free-from-barbed-wire_%7E01410797dcff72a2f3?source=rss,2023-05-16T17:54:35+00:00,https://www.upwork.com/jobs/Illustration-birds-breaking-free-from-barbed-wire_~01410797dcff72a2f3?source=rss
Do You visit the beach? and shop on amazon? - Upwork,https://www.upwork.com/jobs/You-visit-the-beach-and-shop-amazon_%7E01bb42b09130266393?source=rss,2023-05-16T17:53:06+00:00,https://www.upwork.com/jobs/You-visit-the-beach-and-shop-amazon_~01bb42b09130266393?source=rss
Photographer for Documentary Interviews - Upwork,https://www.upwork.com/jobs/Photographer-for-Documentary-Interviews_%7E01b4402034fd951a82?source=rss,2023-05-16T17:50:53+00:00,https://www.upwork.com/jobs/Photographer-for-Documentary-Interviews_~01b4402034fd951a82?source=rss
Video editing - Upwork,https://www.upwork.com/jobs/Video-editing_%7E013906c9945d76ee06?source=rss,2023-05-16T17:45:02+00:00,https://www.upwork.com/jobs/Video-editing_~013906c9945d76ee06?source=rss
Videographer for Documentary Interviews - Upwork,https://www.upwork.com/jobs/Videographer-for-Documentary-Interviews_%7E0161a04f42befb6838?source=rss,2023-05-16T17:42:17+00:00,https://www.upwork.com/jobs/Videographer-for-Documentary-Interviews_~0161a04f42befb6838?source=rss
Need 2 High-Converting Lead Magnet Cover Pages - Upwork,https://www.upwork.com/jobs/Need-High-Converting-Lead-Magnet-Cover-Pages_%7E018fce2e55fa4d79e4?source=rss,2023-05-16T17:23:10+00:00,https://www.upwork.com/jobs/Need-High-Converting-Lead-Magnet-Cover-Pages_~018fce2e55fa4d79e4?source=rss
Apple Keynote Designer for Event Slides - Upwork,https://www.upwork.com/jobs/Apple-Keynote-Designer-for-Event-Slides_%7E0122cf54278aa6593d?source=rss,2023-05-16T17:22:11+00:00,https://www.upwork.com/jobs/Apple-Keynote-Designer-for-Event-Slides_~0122cf54278aa6593d?source=rss
Design Manager to coordinate between designers and clients - Upwork,https://www.upwork.com/jobs/Design-Manager-coordinate-between-designers-and-clients_%7E013390e687cb4919a8?source=rss,2023-05-16T17:11:30+00:00,https://www.upwork.com/jobs/Design-Manager-coordinate-between-designers-and-clients_~013390e687cb4919a8?source=rss
Professional photoshop artist with excellent skill in glass - Upwork,https://www.upwork.com/jobs/Professional-photoshop-artist-with-excellent-skill-glass_%7E012dabab4783783f99?source=rss,2023-05-16T17:08:50+00:00,https://www.upwork.com/jobs/Professional-photoshop-artist-with-excellent-skill-glass_~012dabab4783783f99?source=rss
Digital Product Page Tune-Up - High-Converting Product Pages - Upwork,https://www.upwork.com/jobs/Digital-Product-Page-Tune-High-Converting-Product-Pages_%7E01c8702548b0ea0096?source=rss,2023-05-16T16:53:01+00:00,https://www.upwork.com/jobs/Digital-Product-Page-Tune-High-Converting-Product-Pages_~01c8702548b0ea0096?source=rss
Need expert designer with Apple Search Ads &amp; Custom Product Pages assets Creation - Upwork,https://www.upwork.com/jobs/Need-expert-designer-with-Apple-Search-Ads-amp-Custom-Product-Pages-assets-Creation_%7E0182ad310f78768114?source=rss,2023-05-16T16:43:28+00:00,https://www.upwork.com/jobs/Need-expert-designer-with-Apple-Search-Ads-amp-Custom-Product-Pages-assets-Creation_~0182ad310f78768114?source=rss
"Email Templates Designer
 - Upwork",https://www.upwork.com/jobs/Email-Templates-Designer_%7E01cb3923cd7f580b53?source=rss,2023-05-16T16:27:02+00:00,https://www.upwork.com/jobs/Email-Templates-Designer_~01cb3923cd7f580b53?source=rss
New Book Project - Upwork,https://www.upwork.com/jobs/New-Book-Project_%7E018878ff037cd922fb?source=rss,2023-05-16T16:06:51+00:00,https://www.upwork.com/jobs/New-Book-Project_~018878ff037cd922fb?source=rss
Professional photographer and videographer for Amazon Listing and EBC/A+ Content. - Upwork,https://www.upwork.com/jobs/Professional-photographer-and-videographer-for-Amazon-Listing-and-EBC-Content_%7E015a8193dc8128c25d?source=rss,2023-05-16T15:55:33+00:00,https://www.upwork.com/jobs/Professional-photographer-and-videographer-for-Amazon-Listing-and-EBC-Content_~015a8193dc8128c25d?source=rss
Graphic designer needed to make designs of an app which will be used as visual representations. - Upwork,https://www.upwork.com/jobs/Graphic-designer-needed-make-designs-app-which-will-used-visual-representations_%7E012ca2470c970ab66b?source=rss,2023-05-16T15:53:12+00:00,https://www.upwork.com/jobs/Graphic-designer-needed-make-designs-app-which-will-used-visual-representations_~012ca2470c970ab66b?source=rss
Seeking to hire an expert YouTube Thumbnail Designer for a channel focused on Ancient Civilizations. - Upwork,https://www.upwork.com/jobs/Seeking-hire-expert-YouTube-Thumbnail-Designer-for-channel-focused-Ancient-Civilizations_%7E01db08d65605780ab3?source=rss,2023-05-16T15:52:52+00:00,https://www.upwork.com/jobs/Seeking-hire-expert-YouTube-Thumbnail-Designer-for-channel-focused-Ancient-Civilizations_~01db08d65605780ab3?source=rss
"Unbounce Ninja Needed To Build Professional, Simple, Landing Pages (Working From Our Template) - Upwork",https://www.upwork.com/jobs/Unbounce-Ninja-Needed-Build-Professional-Simple-Landing-Pages-Working-From-Our-Template_%7E0156fe85b80f52a43d?source=rss,2023-05-16T15:50:59+00:00,https://www.upwork.com/jobs/Unbounce-Ninja-Needed-Build-Professional-Simple-Landing-Pages-Working-From-Our-Template_~0156fe85b80f52a43d?source=rss
Illustrator - Upwork,https://www.upwork.com/jobs/Illustrator_%7E01a874ba73ca7b37f9?source=rss,2023-05-16T15:34:47+00:00,https://www.upwork.com/jobs/Illustrator_~01a874ba73ca7b37f9?source=rss
Facebook Ads Creatives for Textile Retailer - Upwork,https://www.upwork.com/jobs/Facebook-Ads-Creatives-for-Textile-Retailer_%7E01d89796ba2f234169?source=rss,2023-05-16T15:24:42+00:00,https://www.upwork.com/jobs/Facebook-Ads-Creatives-for-Textile-Retailer_~01d89796ba2f234169?source=rss
Product photographer - Upwork,https://www.upwork.com/jobs/Product-photographer_%7E01311ef00eba8eb416?source=rss,2023-05-16T15:24:22+00:00,https://www.upwork.com/jobs/Product-photographer_~01311ef00eba8eb416?source=rss
Renders for a Website re-launch - Upwork,https://www.upwork.com/jobs/Renders-for-Website-launch_%7E01790dee11808197bd?source=rss,2023-05-16T15:23:12+00:00,https://www.upwork.com/jobs/Renders-for-Website-launch_~01790dee11808197bd?source=rss
Winterize A Set of Images - Professionals Only Please  - Upwork,https://www.upwork.com/jobs/Winterize-Set-Images-Professionals-Only-Please_%7E01c7822bb0e7d44969?source=rss,2023-05-16T15:08:18+00:00,https://www.upwork.com/jobs/Winterize-Set-Images-Professionals-Only-Please_~01c7822bb0e7d44969?source=rss
Flyers and Ads Needed  - Upwork,https://www.upwork.com/jobs/Flyers-and-Ads-Needed_%7E01f9b4528c7253f85e?source=rss,2023-05-16T15:08:06+00:00,https://www.upwork.com/jobs/Flyers-and-Ads-Needed_~01f9b4528c7253f85e?source=rss
Manipulate images - forced perspective - Upwork,https://www.upwork.com/jobs/Manipulate-images-forced-perspective_%7E01bcdc467f53385430?source=rss,2023-05-16T14:50:55+00:00,https://www.upwork.com/jobs/Manipulate-images-forced-perspective_~01bcdc467f53385430?source=rss
Strategic Visual Designer - Upwork,https://www.upwork.com/jobs/Strategic-Visual-Designer_%7E01b7573cfd24b7367b?source=rss,2023-05-16T14:13:02+00:00,https://www.upwork.com/jobs/Strategic-Visual-Designer_~01b7573cfd24b7367b?source=rss
